"Carimbo de data/hora","Qual seu curso?","Qual seu período ?","Você é bolsista?","Você geralmente usa o R.U para....","Geralmente qual seu horário livre para almoçar no R.U ?","Quanto tempo médio você gasta em fila por dia.","Você encontra algum problema nas filas, que não seja a demora ?","Quando você vem ao R.U e encontra uma fila muito longa, você...","Você compraria as entradas do R.U de modo Online?","Que ideias você possui para diminuir as filas do R.U?","Deixe alguma informação extra que você acredita que seja importante."
"2018/03/22 2:34:16 PM GMT","Ciência da computação","4!","Não","Almoço","10:30 ás 12:00","30 minutos  á 1 hora.","Calor da porra","Volta mais tarde","Sim","Delivery",""
"2018/03/22 4:42:45 PM GMT","EC","10","Sim","Café da manhã, almoço e janta","12:00 ás 13:00","30 minutos  á 1 hora.","","Volta mais tarde","Sim","",""
"2018/03/22 4:46:26 PM GMT","Sistemas de Informação","02","Não","Almoço","12:00 ás 13:00","30 minutos  á 1 hora.","Sim, o calor excessivo ","Fica","Sim","Essa de comprar o ticket online seria top ","Um anuente climatizado seria interessante "
"2018/03/22 4:46:29 PM GMT","Engenharia da Computação","6","Não","Janta","12:00 ás 13:00","30 minutos  á 1 hora.","Sol","Desiste","Sim","Fazer outro RU",""
"2018/03/22 4:47:33 PM GMT","Engenharia da Computação","Primeiro","Não","Almoço","12:00 ás 13:00","30 minutos  á 1 hora.","Furam muito a fila","Desiste","Sim","Criar mais um",""
"2018/03/22 4:47:38 PM GMT","Ec","7","Sim","Almoço","12:00 ás 13:00","30 minutos  á 1 hora.","","Desiste","Sim","Descentralização e ampliação da área construída.",""
"2018/03/22 4:52:28 PM GMT","EC","5","Não","Almoço","10:30 ás 12:00","30 minutos  á 1 hora.","Furões de fila e exposição ao sol.","Fica","Sim","",""
"2018/03/22 4:52:49 PM GMT","Sistemas de Informação","2","Sim","Almoço","10:30 ás 12:00","Mais que 1 hora.","Gente furando a fila, guardando lugar pra grupos de amigos, coisas assim.","Fica","Não","Aumento do espaço físico do ru",""
"2018/03/22 4:52:56 PM GMT","Engenharia da computacao","10","Não","Almoço","10:30 ás 12:00","Mais que 1 hora.","Falta de sombra, gente furando fila, desorganização, falta de educação dos funcionários. ","Desiste","Sim","Descentralização ",""
"2018/03/22 4:53:11 PM GMT","Ciência da computação","2","Não","Almoço e janta","10:30 ás 12:00","Menos 30 minutos.","Não","Fica","Sim","Modificar o fluxo da fila de pegar comida na parte de dentro, as filas ficam indo e voltando, isso é horrível. Tem 5 filas de pegar comida para 4 tias da carne, acredito q isso deixe o fluxo mais lento.","Sabe aquele aviso sobre boas práticas que tem colado no portão da frente? Deveriam colar nas mesas, se realmente querem que as pessoas não guardem lugar"
"2018/03/22 4:53:58 PM GMT","Eng de produção","5","Sim","Almoço e janta","12:00 ás 13:00","Mais que 1 hora.","","Volta mais tarde","Sim","Ter mais Ru ou um sistema de entrega de marmita com compra online e entrega por centro",""
"2018/03/22 4:54:26 PM GMT","Sistemas de Informação ","Primeiro","Não","Almoço","13:00 ás 14:30","30 minutos  á 1 hora.","Desorganização nas filas","Volta mais tarde","Sim","Descentralização do R.U",""
"2018/03/22 4:55:36 PM GMT","Engenharia da computação ","7","Não","Almoço","12:00 ás 13:00","Mais que 1 hora.","Calor, sol, pessoas que furam fila ","Fica","Sim","Aumentar o restaurante, outro ru descentralizado","Visitas frequentes da vigilância sanitária, visto relatos de bichos e pregos encontrados nas comidas "
"2018/03/22 4:56:41 PM GMT","Engenharia da Computação","2","Não","Almoço e janta","10:30 ás 12:00","30 minutos  á 1 hora.","A quantidade de filas. Deveria existir mais, tanto fora, quanto dentro.","Fica","Sim","Aumento do número de filas tanto fora, quanto dentro.","É necessária uma descentralização do R.U afim de atender aos estudantes de forma mais adequada. Atualmente é necessário andar bastante, num sol infernal para que seja possível realizar a refeição. É necessário a criação de um R.U na antiga SUDENE para atendimento da área III, e um em frente ao CIn, que atenda ao CIn, área II, Ed. Física, fisioterapia, oceanografia, Niate ABI, CCEN, CTG(estes poderiam optar pelo atual R.U ou o em frente ao CIn). O atual R.U permaneceria para o CAC, CFCH, CCSA, CE e entornos mais."
"2018/03/22 4:57:56 PM GMT","Ciência da Computação","6","Sim","Almoço","12:00 ás 13:00","Mais que 1 hora.","Muita gente cortando fila e sem ninguém pra fiscalizar isso","Fica","Sim","Um novo RU próximo dos outros centros",""
"2018/03/22 5:00:05 PM GMT","Sistemas de Informação","6º período","Não","Janta","10:30 ás 12:00","30 minutos  á 1 hora.","","Fica","Sim","",""
"2018/03/22 5:00:52 PM GMT","Engenharia da computacao","6","Sim","Almoço","10:30 ás 12:00","Menos 30 minutos.","","Desiste","Sim","",""
"2018/03/22 5:05:24 PM GMT","Cienca da computacao","1","Não","Almoço","12:00 ás 13:00","Mais que 1 hora.","Dificuldade para ler a biometria. ","Desiste","Sim","Agendamento online de horario de almoco e tolerancia maxima de 20 min para almoçar","Talvez colocar mais amor no preparo dos alimentos. Ficariam mais saudaveis"
"2018/03/22 5:07:27 PM GMT","Ciência da computação","10","Não","Café da manhã, almoço e janta","10:30 ás 12:00","30 minutos  á 1 hora.","pessoas furando a fila","Desiste","Sim","Aumentar o tamanho do RU","Naruto"
"2018/03/22 5:16:55 PM GMT","Ciência da computação","2","Não","Almoço","12:00 ás 13:00","30 minutos  á 1 hora.","Comida ruim","Desiste","Sim","Descentralização do RU para diferentes centros.",""
"2018/03/22 5:17:15 PM GMT","Ciência da computação","7","Não","Almoço","12:00 ás 13:00","Mais que 1 hora.","","Fica","Sim","Construir um novo RU entre o prédio novo do CIn e o clube universitário",""
"2018/03/22 5:19:36 PM GMT","Engenharia da computação","Segundo","Sim","Almoço","10:30 ás 12:00","30 minutos  á 1 hora.","Não, o problema é que tem muita gente mesmo.","Desiste","Sim","Como citado acima, uma compra online já ajudaria e uma expansão do R.U poderia ser bom também",""
"2018/03/22 5:22:22 PM GMT","Ciência da computação","6","Não","Almoço e janta","12:00 ás 13:00","Mais que 1 hora.","É comum que alguma catraca não esteja funcionando, o que acarreta em uma espera maior ainda. A fila dos caixas também é bem lenta porque o sistema é lento.","Desiste","Sim","Como usuário diário do RU, algo muito simples que poderia ser feito e que ajudaria muito: Poder consultar quantas entradas ainda temos sem precisar enfrentar toda aquela fila, ou pior, enfrentar a fila e perceber só na catraca que você precisa comprar mais. É muito frustrante ter que enfrentar a fila novamente. Melhor ainda se pudéssemos ser avisados quando o número de fichas estiver baixo para comprarmos mais.","Acho que é importante notar que caso seja possível comprar as fichas do RU online (o que eu acredito que grande parte dos usuários iria aderir) isso pode aumentar ainda mais as filas já que menos pessoas iriam para a fila de compra da ficha e mais pessoas iriam direto para a fila de entrada. O que mostra que o RU não tem espaço suficiente para acomodar o crescente número de estudantes da UFPE."
"2018/03/22 5:22:40 PM GMT","Ciência da computação","5","Não","Almoço","12:00 ás 13:00","30 minutos  á 1 hora.","Calor, ambiente e espaço","Desiste","Sim","Aumentar ou criar outro",""
"2018/03/22 5:24:11 PM GMT","Eng. da Computação","6","Não","Almoço e janta","12:00 ás 13:00","30 minutos  á 1 hora.","Sol quente","Fica","Sim","Mais comida e espaço","Muita falta de formalidade, ninguém sabe nem onde a fila começa"
"2018/03/22 5:25:46 PM GMT","Engenharia da Computação","4","Sim","Almoço","13:00 ás 14:30","Mais que 1 hora.","","Volta mais tarde","Sim","",""
"2018/03/22 5:25:57 PM GMT","EC","9","Sim","Almoço","13:00 ás 14:30","30 minutos  á 1 hora.","Gente furando","Desiste","Sim","Descentralização","N/A"
"2018/03/22 5:30:08 PM GMT","Engenharia da computação","9","Não","Janta","12:00 ás 13:00","Menos 30 minutos.","","Desiste","Sim","Tag RFID","Double checking da entrada demora muito"
"2018/03/22 5:37:45 PM GMT","SISTEMA DE INFORMAÇÃO","2°","Não","Almoço","13:00 ás 14:30","Menos 30 minutos.","","Fica","Sim","",""
"2018/03/22 5:38:20 PM GMT","Engenharia da computação","2 período","Não","Almoço","10:30 ás 12:00","Menos 30 minutos.","","Desiste","Sim","Construir um segundo RU",""
"2018/03/22 5:39:54 PM GMT","Engenharia da computação","4º","Não","Almoço e janta","12:00 ás 13:00","Mais que 1 hora.","","Desiste","Sim","",""
"2018/03/22 5:41:47 PM GMT","Ciência da Computação","2","Sim","Almoço","12:00 ás 13:00","30 minutos  á 1 hora.","Desorganização","Desiste","Sim","",""
"2018/03/22 5:49:46 PM GMT","Engenharia Elétrica","5","Sim","Café da manhã, almoço e janta","13:00 ás 14:30","30 minutos  á 1 hora.","pessoas","Volta mais tarde","Não","descentralizar","colocar uma balança, sacole >>>>>>> dudu"
"2018/03/22 5:57:28 PM GMT","Engenharia da Computação","9º","Não","Almoço","12:00 ás 13:00","30 minutos  á 1 hora.","","Desiste","Sim","Comprar entrada online; aumentar o RU; sistema que informa automaticamente qual o melhor horário pra ir ao RU; ",""
"2018/03/22 6:00:08 PM GMT","Engenharia da Computação","2","Não","Almoço e janta","12:00 ás 13:00","Menos 30 minutos.","","Desiste","Sim","Descentralizar o R.U.","Alguns dias na semana, tenho aula longe do R.U. com 1 hora de intervalo."
"2018/03/22 6:01:35 PM GMT","Sistemas de Informação","8º","Sim","Almoço","13:00 ás 14:30","Menos 30 minutos.","Poucos pontos de entradas","Volta mais tarde","Sim","Compras online e aumento de catracas de entrada",""
"2018/03/22 6:14:05 PM GMT","engenharia da computação","1","Não","Almoço","13:00 ás 14:30","30 minutos  á 1 hora.","","Desiste","Sim","",""
"2018/03/22 6:33:23 PM GMT","Ciência da Computação","5","Não","Almoço e janta","12:00 ás 13:00","30 minutos  á 1 hora.","Gente furando fila","Volta mais tarde","Sim","Ampliar saporra",""
"2018/03/22 6:33:53 PM GMT","Sistemas de Informação","8","Não","Almoço","12:00 ás 13:00","30 minutos  á 1 hora.","Desorganização por parte dos estudantes ","Desiste","Sim","Aumentar o tamanho do restaurante. Ele já não suporta a demanda de alunos existentes na UFPE.","A mudança da empresa de alimentação também é um ponto a ser levado em consideração. Quando comparada a outras instituições federais dentro e fora do estado percebe-se uma diferença considerável na qualidade dos alimentos. "
"2018/03/22 6:36:20 PM GMT","Engenharia da Computaçao","2","Não","Almoço","12:00 ás 13:00","30 minutos  á 1 hora."," Desorganizaçao","Desiste","Sim","",""
"2018/03/22 6:39:09 PM GMT","CC","7","Não","Almoço e janta","13:00 ás 14:30","30 minutos  á 1 hora.","Calor","Desiste","Sim","Aumentar e aperfeiçoar aquele ambiente pequeno e insalubre.",""
"2018/03/22 6:42:17 PM GMT","Ciencia da computação","3","Sim","Café da manhã, almoço e janta","12:00 ás 13:00","30 minutos  á 1 hora.","não","Volta mais tarde","Sim","Não possuo.",""
"2018/03/22 6:54:05 PM GMT","Ciência da computação","2","Não","Almoço","12:00 ás 13:00","Mais que 1 hora.","","Desiste","Sim","Descentralização","Precisamos proteger o meio ambiente."
"2018/03/22 6:54:33 PM GMT","Ciência da Computação","8","Não","Janta","10:30 ás 14:30","Menos 30 minutos.","","Fica","Sim","Sistema de VAZÃO. Melhorar FISICAMENTE como as pessoas se servem tendo 6 filas ao invés de 4.",""
"2018/03/22 7:02:27 PM GMT","Engenharia da Computação","1","Não","Almoço","13:00 ás 14:30","30 minutos  á 1 hora.","","Fica","Sim","",""
"2018/03/22 7:05:44 PM GMT","Engenharia da Computação","Manhã","Não","Almoço","12:00 ás 13:00","30 minutos  á 1 hora.","","Desiste","Sim","",""
"2018/03/22 7:17:01 PM GMT","Engenharia da computação ","2º","Não","Almoço","10:30 ás 12:00","30 minutos  á 1 hora.","organização e ser bem dividida para não gerar pessoas entrando na frente de outras","Fica","Sim","aumentar o refeitório",""
"2018/03/22 7:46:16 PM GMT","Engenharia da Computação","2","Não","Almoço","10:30 ás 12:00","30 minutos  á 1 hora.","Pessoas guardando lugar na fila","Desiste","Sim","Descentralizar o R.U.",""
"2018/03/22 7:48:35 PM GMT","Ciência da Computação","2","Não","Almoço","13:00 ás 14:30","30 minutos  á 1 hora.","Não ter 100% de ciência de número de fichas que possuo","Desiste","Sim","Informar número de cadeiras livres dentro do RU","Dizer número de fichas que você possuí"
"2018/03/22 7:52:37 PM GMT","ec","8","Sim","Almoço","12:00 ás 13:00","Menos 30 minutos.","","Volta mais tarde","Sim","aumentar os funcionarios distrbuindo o almoco dentro e aumentar o ru",""
"2018/03/22 8:20:58 PM GMT","Ciência da Computação","7","Não","Almoço","10:30 ás 12:00","Menos 30 minutos.","Os fura filas","Fica","Sim","Descentralização do R.U",""
"2018/03/22 8:25:39 PM GMT","Sistemas de Informação","Segundo Período","Não","Café da manhã, almoço e janta","13:00 ás 14:30","Mais que 1 hora.","","Desiste","Sim","Descentralização do RU (unidades pequenas em pontos estratégicos da CDU), aumento do espaço físico.",""
"2018/03/22 8:51:39 PM GMT","Ciência da computação","5","Não","Almoço e janta","10:30 ás 12:00","30 minutos  á 1 hora.","Às vezes ficamos no sol quando a fila é longa demais.","Fica","Sim","Acho que um dos principais problemas do R.U é a infraestrutura do local, que ao meu ver, é pequena pra demanda de alunos da universidade. Na grande maioria das vezes - ou em todas - a demora se deve à espera do esvaziamento interno do local, ou seja, precisa liberar espaços nas mesas para mais alunos poderem entrar.",""
"2018/03/22 9:07:06 PM GMT","Engenharia da computação ","3","Sim","Janta","12:00 ás 13:00","30 minutos  á 1 hora.","","Desiste","Sim","",""
"2018/03/22 9:10:19 PM GMT","Doutorando em ciencia da computacao ","18 meses ","Não","Almoço","10:30 ás 12:00","30 minutos  á 1 hora.","Pessoas furando fila, pessoas que atrasam a fila desapercebidamente","Desiste","Sim","Construir pequenas outras unidades ","Mais rampas de alimentação "
"2018/03/22 9:15:42 PM GMT","Eng da Computação","6º","Sim","Café da manhã, almoço e janta","12:00 ás 13:00","30 minutos  á 1 hora.","","Fica","Sim","",""
"2018/03/22 9:17:43 PM GMT","Ciência da Computação","7","Sim","Almoço","12:00 ás 13:00","30 minutos  á 1 hora.","Sol, fome,chuva","Fica","Sim","Descentralização do R.U",""
"2018/03/22 9:35:43 PM GMT","Engenharia da Computação","2º","Não","Almoço e janta","10:30 ás 12:00","30 minutos  á 1 hora.","Encontro","Desiste","Sim","Colocar fígado do Ru  todo dia, assim ninguém mais vem","Banir o fígado do Ru"
"2018/03/22 9:51:59 PM GMT","Engenharia da Computação","8º","Não","Almoço","12:00 ás 13:00","30 minutos  á 1 hora.","Caixas sem funcionários e pessoas com problemas nas catracas","Fica","Sim","Descentralização do RU, Biometria",""
"2018/03/22 10:01:50 PM GMT","Ciência da computação","4","Não","Almoço","12:00 ás 13:00","Mais que 1 hora.","O sol ardente de hellcife","Desiste","Sim","Outro ru","Troquem o restaurante,barateim esse ru ou mudem o cardápio,coloquem sanduiches e coisas diferentes assim,coisas que você tenha o prazer de comer PQ O É O RU MAIS CARO DO BRASIL."
"2018/03/22 10:01:53 PM GMT","Eng. da computação","5º","Sim","Almoço e janta","12:00 ás 13:00","30 minutos  á 1 hora.","","Fica","Sim","","Tem 5 filas pra colocar a comida, percebe-se que isso melhorou o tempo de espera do lado de fora, mas só ter 4 locais pra carne e 2 pra guardanapo/suco acabou gerando um aumento muito grande em filas já dentro do RU. "
"2018/03/22 10:32:45 PM GMT","Engenharia da Computação","6","Sim","Café da manhã, almoço e janta","10:30 ás 12:00","30 minutos  á 1 hora.","Pessoas furando fila, fila não unificada.","Desiste","Sim","Mais RUs, Cursos que começam mais cedo e terminam mais cedo para diminuir o aglomerado as 12 ",""
"2018/03/22 10:44:26 PM GMT","Engenharia da Coputação","Segundo","Não","Almoço e janta","10:30 ás 12:00","30 minutos  á 1 hora.","","Fica","Sim","Além da ampliação do espaço ou descentralização eu  indicaria que ouvesse mais entradas e mais um balcão de para se servir, muitas vezes esxistem varios assentos vagos dentro do restaurante , mas devido a pouca quantidade de palcão a fila fica extensa e demorada, outra coisa que vem ocorrendo é a falta de pratos, talheres e bandeja e demora para acontecer a reposição ou seja deixa a fila mais long ainda ",""
"2018/03/22 10:50:21 PM GMT","Engenharia da Computação","2","Sim","Almoço","10:30 ás 12:00","30 minutos  á 1 hora.","Não","Desiste","Sim","Primeiramente, a criação de outros R.U's",""
"2018/03/22 11:08:33 PM GMT","Engenharia da computação ","6","Não","Almoço e janta","12:00 ás 13:00","30 minutos  á 1 hora.","","Fica","Sim","Acho que com a quantidade de alunos que utilizam o mesmo, a única solução seria construir outros, ou no mínimo aumentar o espaço de lá. Uma organização das filas com o horário não seria convencional, visto que os horários de todo mundo teriam que se encaixar. O horário de pico é meio dia, justamente entre o intervalo entre as aulas. Talvez se tívessemos noção de como está a fila no momento, ajudaria. Tipo um Waze do RU.",""
"2018/03/22 11:14:44 PM GMT","Engenharia da Computação","2","Não","Almoço","10:30 ás 12:00","30 minutos  á 1 hora.","Sim. Pessoas que furam fila e falta de uma cobertura adequada no espaço da fila para os dias de chuva.","Fica","Sim","Compras online, prato pronto, um novo ru...",""
"2018/03/23 12:03:55 AM GMT","Ciência da Computação","2","Não","Almoço","10:30 ás 12:00","30 minutos  á 1 hora.","Não","Desiste","Sim","Filas expressas, nas quais você pagaria um pouco mais, porém iria conseguir entrar mais rápido",""
"2018/03/23 12:34:57 AM GMT","Ciencia da computacao","1","Não","Almoço","12:00 ás 13:00","30 minutos  á 1 hora.","","Desiste","Sim","Mais pontos do ru",""
"2018/03/23 12:39:59 AM GMT","Engenharia da Computação","03","Não","Almoço e janta","12:00 ás 13:00","30 minutos  á 1 hora.","Não","Desiste","Sim","Descemtralizar",""
"2018/03/23 1:56:10 AM GMT","Ciências da Computação","1","Não","Almoço","12:00 ás 13:00","30 minutos  á 1 hora.","Não. ","Desiste","Sim","",""
"2018/03/23 2:10:47 AM GMT","História","4º","Não","Almoço e janta","10:30 ás 12:00","Mais que 1 hora.","Calor, gente furando fila, falta de um bebedor de água do lado de fora.","Fica","Não","Criar um outro R.U.","Coloquem mais variedades nas refeições!!!"
"2018/03/23 3:08:34 AM GMT","Engenharia da Computação","2","Não","Almoço e janta","10:30 ás 12:00","30 minutos  á 1 hora.","Encontro","Desiste","Sim","Aumentar a quantidade de catracas, aumentar a quantidade de self service e de entrega da fruta e do suco, pois as filas ficam enormes para entrar, para colocar a comida e para pegar o suco.",""
"2018/03/23 3:49:18 AM GMT","eng de comp","5","Sim","Almoço e janta","12:00 ás 13:00","30 minutos  á 1 hora.","ter de ficar no sol é triste.","Desiste","Sim","",""
"2018/03/23 5:41:30 AM GMT","Ciência da computação","11","Não","Almoço","12:00 ás 13:00","30 minutos  á 1 hora.","Sol e chuva","Desiste","Sim","Descentralização, aumento do espaço, melhor uso do espaço. O problema não é fila pra comprar entradas, e sim para entrar no restaurante.",""
"2018/03/23 8:42:44 AM GMT","Ciência da computação ","Quarto","Não","Almoço e janta","10:30 ás 12:00","Menos 30 minutos.","Conviver com outras pessoas, gente que fura fila.","Desiste","Sim","Compra online, aumentar a área utilizável, etc","Eae galerinha dessa vez vou ensinar como fazer: formulários "
"2018/03/23 9:00:55 AM GMT","Química","3","Sim","Almoço","12:00 ás 13:00","30 minutos  á 1 hora.","","Fica","Sim","",""
"2018/03/23 9:44:55 AM GMT","ENGENHARIA DA COMPUTAÇÃO","2°","Não","Almoço e janta","12:00 ás 13:00","Mais que 1 hora.","NÃO","Desiste","Sim","Não sei.",""
"2018/03/23 10:46:03 AM GMT","Engenharia da Computação","9","Não","Almoço e janta","10:30 ás 12:00","Menos 30 minutos.","","Desiste","Sim","",""
"2018/03/23 11:39:27 AM GMT","Ciencia da comp","1","Não","Almoço","10:30 ás 12:00","Mais que 1 hora.","PESSOAS FEIAS","Desiste","Sim","SELECIONAR O PUBLICO",""
"2018/03/23 12:56:25 PM GMT","CC","4","Não","Almoço e janta","10:30 ás 12:00","Menos 30 minutos.","Sol","Desiste","Sim","Tu que tem que resolver isso","Usar crédito ao invés de separar almoço e jantar"
"2018/03/23 1:31:16 PM GMT","Ciência da Computação","8","Não","Almoço","10:30 ás 12:00","Menos 30 minutos.","","Desiste","Sim","",""
"2018/03/23 1:32:40 PM GMT","Engenharia ","9","Não","Almoço","12:00 ás 13:00","Mais que 1 hora.","Sim, pessoas q furam elas","Desiste","Sim","Aumentar a capacidade do RU, retirar os gargalos",""
"2018/03/23 2:01:53 PM GMT","Sistemas de Informação","3","Não","Almoço","10:30 ás 12:00","Mais que 1 hora.","","Fica","Sim","",""
"2018/03/23 2:24:18 PM GMT","Engenharia da computação ","5","Não","Almoço","12:00 ás 13:00","Mais que 1 hora.","Falta de ética das pessoas","Desiste","Sim","Melhorar a infraestrutura do RU, adicionando mais 1 catraca e organizar a fila de mesas para caber mais, Implementar um sistema de compras e gerenciamento de créditos integrado ao Siga.",""
"2018/03/23 3:10:16 PM GMT","Engenharia da Computação","10","Não","Almoço","12:00 ás 13:00","30 minutos  á 1 hora.","Desorganização das filas. Cada dia é uma forma diferente, às vezes é dificil encontrar o final. Já aconteceu até algumas veze de uma fila se bifurcar ou se ""partir"" e a ponta solta formar um laço (estávamos andando em círculos)","Fica","Sim","Mais outro restaurante ou um espaço maior",""
"2018/03/23 3:27:30 PM GMT","Sistemas de Informação","5","Sim","Almoço","13:00 ás 14:30","Menos 30 minutos.","","Fica","Sim","Os tickets comprados poderiam ser usados em qualquer horário. ",""
"2018/03/23 3:32:59 PM GMT","Engenharia da computação","5","Não","Almoço e janta","12:00 ás 13:00","30 minutos  á 1 hora.","Calor, pessoas que furam fila, falta de organização","Desiste","Sim","Horário ampliado, mais filas internas, mais espaço, outro ru",""
"2018/03/23 3:38:38 PM GMT","Ciência da Computação","6","Não","Almoço","12:00 ás 13:00","Mais que 1 hora.","Pessoas furando fila","Desiste","Sim","O problema é o fluxo de pessoa em determinados horários, comprar online não é solução, pois a fila se concentra em entrar, se servir, se servir de suco e até pra sair. A única solução é a descentralização do RU.",""
"2018/03/23 4:04:02 PM GMT","engenharia da computação","primeiro","Não","Almoço","12:00 ás 13:00","30 minutos  á 1 hora.","calor","Volta mais tarde","Sim","acelerar a lavagem de pratos,talheres e bandejas ,porque geralmente travam a fila","Colocar ventilador dentro ,porque é muito quente e abafado"
"2018/03/23 5:04:15 PM GMT","Engenharia da Computação","2","Não","Almoço e janta","12:00 ás 13:00","30 minutos  á 1 hora.","encontro","Fica","Sim","ter mais figado e suco de caju, assim ninguem viria","banir o figado"
"2018/03/23 10:54:13 PM GMT","Ciências Contábeis","6","Sim","Almoço e janta","13:00 ás 14:30","Menos 30 minutos.","O calor","Fica","Sim","Descentralização do RU ou aumento da estrutura física. ",""
"2018/03/24 1:40:48 PM GMT","Engenharia da Computação","10º","Não","Almoço","12:00 ás 13:00","30 minutos  á 1 hora.","Pessoas que furam fila.","Volta mais tarde","Sim","",""
"2018/03/24 6:34:21 PM GMT","Ciência da Computação","4º","Não","Almoço","12:00 ás 13:00","30 minutos  á 1 hora.","Desorganização","Desiste","Sim","Ampliação e/ou descentralização do RU","Poderia haver uma maneira de checar a quantidade de almoços que você ainda tem. "
"2018/03/24 9:54:29 PM GMT","Administração","3","Sim","Almoço e janta","10:30 ás 14:30","30 minutos  á 1 hora.","Gente que fura fila; Gente que marca lugar na fila e sai para marcar cadeira ou ir ao banheiro ou pagar","Desiste","Sim","Aumentar espaço físico;
Criar mais RUs;
Aumentar preço da refeição;
Exibir online quantidade de pessoas atualmente na fila e exibir previsão de melhor horário para ir ao RU (distribuindo melhor a fila no tempo)","O RU sofre muito com desperdício de comida;
Monitorar o fluxo de usuários e quantidade dos alimentos nas bandejas pode ajudar, entre outras coisas, a tornar a cozinha mais eficiente na recolocação destes.
Boa sorte!"
"2018/03/25 1:50:51 PM GMT","Engenharia do Computador","8","Não","Almoço e janta","12:00 ás 13:00","Mais que 1 hora.","","Desiste","Sim","Ampliação ou Descentralização",""
"2018/03/25 8:09:19 PM GMT","Ciências da Computação","1º","Não","Almoço","12:00 ás 13:00","Mais que 1 hora.","Sol","Desiste","Sim","Construção de novos RUs próximo a área 2, e a área de terapia ocupacional, fisioterapia e educação física","É um tormento ficar mais de 40 minutos no sol e mias 1 hora e meia em pé esperando na fila. As vezes eu prefiro sair mais cedo da aula pra pegar uma fila menor, mas mesmo assim não dá tempo!"
"2018/03/26 12:08:53 AM GMT","Engenharia da computação ","2","Não","Almoço","10:30 ás 12:00","Menos 30 minutos.","Nenhum","Desiste","Sim","Mais catracas",""
"2018/03/26 6:53:46 PM GMT","Engenharia da Computação","4°","Não","Almoço","12:00 ás 13:00","Mais que 1 hora.","","Desiste","Sim","",""
"2018/03/27 5:33:23 AM GMT","sistemas de informação","1","Não","Almoço","12:00 ás 13:00","Mais que 1 hora.","nas filas não, só
 dentro do RU","Fica","Sim","tirar senhas da catraca e por só digital e criar novo RU","a comida poderia melhorar"
"2018/04/02 1:23:52 PM GMT","Engenharia da Computação","12","Não","Almoço","12:00 ás 13:00","30 minutos  á 1 hora.","Desconforto de ficar em pé por longos períodos.","Desiste","Sim","Construir outros RU’s perto de centros mais afastados que possam desafogar o RU principal, disponibilizar online a quantidade de pessoas que estão no RU naquele momento e quantos assentos estão vagos.",""